{"cameraMode":{"drawMode":0,"name":"Shaded","section":"Shading Mode"},"sceneLighting":false,"audioPlay":false,"sceneViewState":{"showFog":true,"showMaterialUpdate":false,"showSkybox":false,"showFlares":true,"showImageEffects":true,"showParticleSystems":true},"in2DMode":false,"pivot":{"x":-0.24494528770446778,"y":1.3080946207046509,"z":16.23587989807129},"rotation":{"x":0.1728043109178543,"y":-0.604517936706543,"z":0.13645032048225404,"w":0.7655673623085022},"size":0.5211145281791687,"orthographic":false}