{"cameraMode":{"drawMode":0,"name":"Shaded","section":"Shading Mode"},"sceneLighting":false,"audioPlay":false,"sceneViewState":{"showFog":true,"showMaterialUpdate":false,"showSkybox":false,"showFlares":true,"showImageEffects":true,"showParticleSystems":true},"in2DMode":false,"pivot":{"x":4.508999824523926,"y":1.875,"z":20.788999557495118},"rotation":{"x":-0.1926315873861313,"y":-0.35807153582572939,"z":0.07575714588165283,"w":-0.9104634523391724},"size":0.18081846833229066,"orthographic":false}