{"cameraMode":{"drawMode":0,"name":"Shaded","section":"Shading Mode"},"sceneLighting":false,"audioPlay":false,"sceneViewState":{"showFog":true,"showMaterialUpdate":false,"showSkybox":false,"showFlares":true,"showImageEffects":true,"showParticleSystems":true},"in2DMode":false,"pivot":{"x":-0.00012499094009399414,"y":0.12999999523162843,"z":1.006990671157837},"rotation":{"x":0.09535690397024155,"y":-0.7139098644256592,"z":0.09914962202310562,"w":0.6865978837013245},"size":1.2983537912368775,"orthographic":true}