{"cameraMode":{"drawMode":0,"name":"Shaded","section":"Shading Mode"},"sceneLighting":false,"audioPlay":false,"sceneViewState":{"showFog":true,"showMaterialUpdate":false,"showSkybox":false,"showFlares":true,"showImageEffects":true,"showParticleSystems":true},"in2DMode":false,"pivot":{"x":-8.15250015258789,"y":1.6210999488830567,"z":16.649999618530275},"rotation":{"x":-0.1926315873861313,"y":-0.35807153582572939,"z":0.07575714588165283,"w":-0.9104634523391724},"size":1.7078250646591187,"orthographic":false}