{"cameraMode":{"drawMode":0,"name":"Shaded","section":"Shading Mode"},"sceneLighting":false,"audioPlay":false,"sceneViewState":{"showFog":true,"showMaterialUpdate":false,"showSkybox":false,"showFlares":true,"showImageEffects":true,"showParticleSystems":true},"in2DMode":false,"pivot":{"x":-0.009864892810583115,"y":-0.0061400532722473148,"z":-0.0377417728304863},"rotation":{"x":0.1245397999882698,"y":0.533940315246582,"z":-0.07987812906503678,"w":0.8324783444404602},"size":0.11903917789459229,"orthographic":true}