{"cameraMode":{"drawMode":0,"name":"Shaded","section":"Shading Mode"},"sceneLighting":false,"audioPlay":false,"sceneViewState":{"showFog":true,"showMaterialUpdate":false,"showSkybox":false,"showFlares":true,"showImageEffects":true,"showParticleSystems":true},"in2DMode":false,"pivot":{"x":-0.004013396799564362,"y":-0.0036158710718154909,"z":0.02346038818359375},"rotation":{"x":0.2128036469221115,"y":-0.5334488153457642,"z":0.1407748907804489,"w":0.8064544796943665},"size":0.3818916082382202,"orthographic":true}