{"cameraMode":{"drawMode":0,"name":"Shaded","section":"Shading Mode"},"sceneLighting":true,"audioPlay":false,"sceneViewState":{"showFog":true,"showMaterialUpdate":false,"showSkybox":false,"showFlares":true,"showImageEffects":true,"showParticleSystems":true},"in2DMode":false,"pivot":{"x":-3.9454777240753176,"y":3.539297342300415,"z":6.274783611297607},"rotation":{"x":-0.1926315873861313,"y":-0.35807153582572939,"z":0.07575714588165283,"w":-0.9104634523391724},"size":1.2346277236938477,"orthographic":false}