{"cameraMode":{"drawMode":0,"name":"Shaded","section":"Shading Mode"},"sceneLighting":false,"audioPlay":false,"sceneViewState":{"showFog":true,"showMaterialUpdate":false,"showSkybox":false,"showFlares":true,"showImageEffects":true,"showParticleSystems":true},"in2DMode":false,"pivot":{"x":-5.730356216430664,"y":0.0,"z":16.00358009338379},"rotation":{"x":-0.45416808128356936,"y":0.20656639337539674,"z":-0.10912138223648071,"w":-0.8597418069839478},"size":0.8096680045127869,"orthographic":false}