{"cameraMode":{"drawMode":0,"name":"Shaded","section":"Shading Mode"},"sceneLighting":false,"audioPlay":false,"sceneViewState":{"showFog":true,"showMaterialUpdate":false,"showSkybox":false,"showFlares":true,"showImageEffects":true,"showParticleSystems":true},"in2DMode":false,"pivot":{"x":-1.7400000095367432,"y":-2.5349464416503908,"z":24.369739532470704},"rotation":{"x":0.3869069218635559,"y":0.031770259141922,"z":-0.013394941575825215,"w":0.9215407967567444},"size":10.0,"orthographic":true}