{"cameraMode":{"drawMode":0,"name":"Shaded","section":"Shading Mode"},"sceneLighting":false,"audioPlay":false,"sceneViewState":{"showFog":true,"showMaterialUpdate":false,"showSkybox":false,"showFlares":true,"showImageEffects":true,"showParticleSystems":true},"in2DMode":false,"pivot":{"x":0.0,"y":3.799999952316284,"z":14.27299976348877},"rotation":{"x":-0.0003213584132026881,"y":-0.9990128874778748,"z":0.04498713091015816,"w":-0.008715911768376828},"size":6.563458442687988,"orthographic":true}