{"cameraMode":{"drawMode":0,"name":"Shaded","section":"Shading Mode"},"sceneLighting":false,"audioPlay":false,"sceneViewState":{"showFog":true,"showMaterialUpdate":false,"showSkybox":false,"showFlares":true,"showImageEffects":true,"showParticleSystems":true},"in2DMode":false,"pivot":{"x":4.130645751953125,"y":1.8505859375,"z":12.3280029296875},"rotation":{"x":0.020708929747343065,"y":-0.9695366621017456,"z":0.22802774608135224,"w":0.0877515897154808},"size":1.256306767463684,"orthographic":true}