{"cameraMode":{"drawMode":0,"name":"Shaded","section":"Shading Mode"},"sceneLighting":true,"audioPlay":false,"sceneViewState":{"showFog":true,"showMaterialUpdate":false,"showSkybox":true,"showFlares":true,"showImageEffects":true,"showParticleSystems":true},"in2DMode":false,"pivot":{"x":-0.4557952880859375,"y":-5.45748233795166,"z":2.545473575592041},"rotation":{"x":0.23350314795970918,"y":-0.7612130641937256,"z":0.3733571171760559,"w":0.4760749042034149},"size":7.6370391845703129,"orthographic":false}