{"cameraMode":{"drawMode":0,"name":"Shaded","section":"Shading Mode"},"sceneLighting":false,"audioPlay":false,"sceneViewState":{"showFog":true,"showMaterialUpdate":false,"showSkybox":false,"showFlares":true,"showImageEffects":true,"showParticleSystems":true},"in2DMode":false,"pivot":{"x":3.80126953125,"y":1.12939453125,"z":14.62823486328125},"rotation":{"x":-0.170108824968338,"y":-0.6562297940254211,"z":0.15543235838413239,"w":-0.7186040282249451},"size":1.5414842367172242,"orthographic":true}