{"cameraMode":{"drawMode":0,"name":"Shaded","section":"Shading Mode"},"sceneLighting":false,"audioPlay":false,"sceneViewState":{"showFog":true,"showMaterialUpdate":false,"showSkybox":false,"showFlares":true,"showImageEffects":true,"showParticleSystems":true},"in2DMode":false,"pivot":{"x":-9.635000228881836,"y":2.2149999141693117,"z":19.003999710083009},"rotation":{"x":-0.1926315873861313,"y":-0.35807153582572939,"z":0.07575714588165283,"w":-0.9104634523391724},"size":1.075944423675537,"orthographic":false}