{"cameraMode":{"drawMode":0,"name":"Shaded","section":"Shading Mode"},"sceneLighting":false,"audioPlay":false,"sceneViewState":{"showFog":true,"showMaterialUpdate":false,"showSkybox":false,"showFlares":true,"showImageEffects":true,"showParticleSystems":true},"in2DMode":false,"pivot":{"x":-0.037000179290771487,"y":2.072999954223633,"z":16.40399932861328},"rotation":{"x":0.009001378901302815,"y":-0.9763433337211609,"z":-0.04101371765136719,"w":-0.21240922808647157},"size":5.296534538269043,"orthographic":true}