{"cameraMode":{"drawMode":0,"name":"Shaded","section":"Shading Mode"},"sceneLighting":false,"audioPlay":false,"sceneViewState":{"showFog":true,"showMaterialUpdate":false,"showSkybox":false,"showFlares":true,"showImageEffects":true,"showParticleSystems":true},"in2DMode":false,"pivot":{"x":-9.75,"y":0.36000001430511477,"z":17.026123046875},"rotation":{"x":-0.1926315873861313,"y":-0.35807153582572939,"z":0.07575714588165283,"w":-0.9104634523391724},"size":0.5327569246292114,"orthographic":false}